[{"model": "contenttypes.contenttype", "pk": 1, "fields": {"app_label": "admin", "model": "logentry"}}, {"model": "contenttypes.contenttype", "pk": 2, "fields": {"app_label": "auth", "model": "permission"}}, {"model": "contenttypes.contenttype", "pk": 3, "fields": {"app_label": "auth", "model": "group"}}, {"model": "contenttypes.contenttype", "pk": 4, "fields": {"app_label": "auth", "model": "user"}}, {"model": "contenttypes.contenttype", "pk": 5, "fields": {"app_label": "contenttypes", "model": "contenttype"}}, {"model": "contenttypes.contenttype", "pk": 6, "fields": {"app_label": "sessions", "model": "session"}}, {"model": "contenttypes.contenttype", "pk": 7, "fields": {"app_label": "blog", "model": "blog"}}, {"model": "contenttypes.contenttype", "pk": 8, "fields": {"app_label": "blog", "model": "blogtype"}}, {"model": "contenttypes.contenttype", "pk": 9, "fields": {"app_label": "blog", "model": "readnum"}}, {"model": "contenttypes.contenttype", "pk": 10, "fields": {"app_label": "read_statistics", "model": "readnum"}}, {"model": "contenttypes.contenttype", "pk": 11, "fields": {"app_label": "read_statistics", "model": "readdetail"}}, {"model": "contenttypes.contenttype", "pk": 12, "fields": {"app_label": "comment", "model": "comment"}}, {"model": "contenttypes.contenttype", "pk": 13, "fields": {"app_label": "likes", "model": "likerecord"}}, {"model": "contenttypes.contenttype", "pk": 14, "fields": {"app_label": "likes", "model": "likecount"}}, {"model": "contenttypes.contenttype", "pk": 15, "fields": {"app_label": "user", "model": "profile"}}, {"model": "sessions.session", "pk": "0paky86ka5klx0nge86nvhearbgqaopg", "fields": {"session_data": "NDkzZTRmNDYzZGNlZjM3ZmIyZGYzMzBlMjlhNTJkNmZhY2QwNTQ3Zjp7Il9hdXRoX3VzZXJfaWQiOiIxIiwiX2F1dGhfdXNlcl9iYWNrZW5kIjoiZGphbmdvLmNvbnRyaWIuYXV0aC5iYWNrZW5kcy5Nb2RlbEJhY2tlbmQiLCJfYXV0aF91c2VyX2hhc2giOiI0YjY1MzgzZTliZmVmZDczMzE4ZWQ1NWVjOWY1OWZiMzE1ZjIyZmJjIn0=", "expire_date": "2020-05-03T12:34:24.181Z"}}, {"model": "sessions.session", "pk": "1x6vyuql5ybk56ex51nkaws7a5nuobbb", "fields": {"session_data": "NDkzZTRmNDYzZGNlZjM3ZmIyZGYzMzBlMjlhNTJkNmZhY2QwNTQ3Zjp7Il9hdXRoX3VzZXJfaWQiOiIxIiwiX2F1dGhfdXNlcl9iYWNrZW5kIjoiZGphbmdvLmNvbnRyaWIuYXV0aC5iYWNrZW5kcy5Nb2RlbEJhY2tlbmQiLCJfYXV0aF91c2VyX2hhc2giOiI0YjY1MzgzZTliZmVmZDczMzE4ZWQ1NWVjOWY1OWZiMzE1ZjIyZmJjIn0=", "expire_date": "2020-04-24T10:02:29.711Z"}}, {"model": "sessions.session", "pk": "ihrrtwavmrcuwkzgfqu9knlrorcsbhda", "fields": {"session_data": "NDkzZTRmNDYzZGNlZjM3ZmIyZGYzMzBlMjlhNTJkNmZhY2QwNTQ3Zjp7Il9hdXRoX3VzZXJfaWQiOiIxIiwiX2F1dGhfdXNlcl9iYWNrZW5kIjoiZGphbmdvLmNvbnRyaWIuYXV0aC5iYWNrZW5kcy5Nb2RlbEJhY2tlbmQiLCJfYXV0aF91c2VyX2hhc2giOiI0YjY1MzgzZTliZmVmZDczMzE4ZWQ1NWVjOWY1OWZiMzE1ZjIyZmJjIn0=", "expire_date": "2020-03-24T03:59:47.647Z"}}, {"model": "sessions.session", "pk": "j265ux9atbfrcgcf74ma0y40n8m3xkli", "fields": {"session_data": "M2FhZTYxNTFhNmQ1NDI4Yzc4YTY4MzNlOGUwNTJlOTI2NGE2MzA2ZDp7Il9hdXRoX3VzZXJfaWQiOiIyIiwiX2F1dGhfdXNlcl9iYWNrZW5kIjoiZGphbmdvLmNvbnRyaWIuYXV0aC5iYWNrZW5kcy5Nb2RlbEJhY2tlbmQiLCJfYXV0aF91c2VyX2hhc2giOiI2OTI3Y2ViN2Q0YWU4Njk4MWE0OTk2NGJhMDRkZWMyZGE3MWE4MjA2In0=", "expire_date": "2020-04-25T08:42:17.563Z"}}, {"model": "sessions.session", "pk": "j970maili0t1ugst6ja3ogouydm1m6l0", "fields": {"session_data": "OWMwYzk4Yzg0MWE5N2Y4ODg4NzA5OGE3NWQyYTI1OGI4ZWNmNTE5ZDp7InNlbmRfY29kZV90aW1lIjoxNTg3NjM4NDM0LCJfYXV0aF91c2VyX2lkIjoiNCIsIl9hdXRoX3VzZXJfYmFja2VuZCI6ImRqYW5nby5jb250cmliLmF1dGguYmFja2VuZHMuTW9kZWxCYWNrZW5kIiwiX2F1dGhfdXNlcl9oYXNoIjoiNzA1N2UxNTU5NzIzYTVlYWJhNjNmNjhhZTViNGY2ZWUzNWZhYWRjOSJ9", "expire_date": "2020-05-07T10:41:12.190Z"}}, {"model": "sessions.session", "pk": "s1bim070nlkzkyv47dkxi2gys7p85e97", "fields": {"session_data": "NDkzZTRmNDYzZGNlZjM3ZmIyZGYzMzBlMjlhNTJkNmZhY2QwNTQ3Zjp7Il9hdXRoX3VzZXJfaWQiOiIxIiwiX2F1dGhfdXNlcl9iYWNrZW5kIjoiZGphbmdvLmNvbnRyaWIuYXV0aC5iYWNrZW5kcy5Nb2RlbEJhY2tlbmQiLCJfYXV0aF91c2VyX2hhc2giOiI0YjY1MzgzZTliZmVmZDczMzE4ZWQ1NWVjOWY1OWZiMzE1ZjIyZmJjIn0=", "expire_date": "2020-04-25T13:36:45.095Z"}}, {"model": "sessions.session", "pk": "t8w0a70quacktz3lpikglwb6lhabnrni", "fields": {"session_data": "NDkzZTRmNDYzZGNlZjM3ZmIyZGYzMzBlMjlhNTJkNmZhY2QwNTQ3Zjp7Il9hdXRoX3VzZXJfaWQiOiIxIiwiX2F1dGhfdXNlcl9iYWNrZW5kIjoiZGphbmdvLmNvbnRyaWIuYXV0aC5iYWNrZW5kcy5Nb2RlbEJhY2tlbmQiLCJfYXV0aF91c2VyX2hhc2giOiI0YjY1MzgzZTliZmVmZDczMzE4ZWQ1NWVjOWY1OWZiMzE1ZjIyZmJjIn0=", "expire_date": "2020-03-22T14:22:27.523Z"}}, {"model": "blog.blogtype", "pk": 1, "fields": {"type_name": "Django"}}, {"model": "blog.blogtype", "pk": 2, "fields": {"type_name": "\u968f\u7b14"}}, {"model": "blog.blogtype", "pk": 3, "fields": {"type_name": "\u611f\u609f"}}, {"model": "blog.blogtype", "pk": 4, "fields": {"type_name": "\u65e0\u804a"}}, {"model": "read_statistics.readnum", "pk": 1, "fields": {"read_num": 31, "content_type": 7, "object_id": 37}}, {"model": "read_statistics.readnum", "pk": 2, "fields": {"read_num": 6, "content_type": 7, "object_id": 35}}, {"model": "read_statistics.readnum", "pk": 3, "fields": {"read_num": 16, "content_type": 7, "object_id": 36}}, {"model": "read_statistics.readnum", "pk": 4, "fields": {"read_num": 2, "content_type": 7, "object_id": 33}}, {"model": "read_statistics.readnum", "pk": 5, "fields": {"read_num": 3, "content_type": 7, "object_id": 34}}, {"model": "read_statistics.readdetail", "pk": 1, "fields": {"date": "2020-04-05", "read_num": 1, "content_type": 7, "object_id": 37}}, {"model": "read_statistics.readdetail", "pk": 2, "fields": {"date": "2020-04-05", "read_num": 1, "content_type": 7, "object_id": 36}}, {"model": "read_statistics.readdetail", "pk": 3, "fields": {"date": "2020-04-04", "read_num": 3, "content_type": 7, "object_id": 37}}, {"model": "read_statistics.readdetail", "pk": 4, "fields": {"date": "2020-04-06", "read_num": 3, "content_type": 7, "object_id": 37}}, {"model": "read_statistics.readdetail", "pk": 5, "fields": {"date": "2020-04-06", "read_num": 1, "content_type": 7, "object_id": 36}}, {"model": "read_statistics.readdetail", "pk": 6, "fields": {"date": "2020-04-06", "read_num": 1, "content_type": 7, "object_id": 35}}, {"model": "read_statistics.readdetail", "pk": 7, "fields": {"date": "2020-04-07", "read_num": 1, "content_type": 7, "object_id": 37}}, {"model": "read_statistics.readdetail", "pk": 8, "fields": {"date": "2020-04-03", "read_num": 1, "content_type": 7, "object_id": 37}}, {"model": "read_statistics.readdetail", "pk": 9, "fields": {"date": "2020-04-07", "read_num": 1, "content_type": 7, "object_id": 33}}, {"model": "read_statistics.readdetail", "pk": 10, "fields": {"date": "2020-04-06", "read_num": 1, "content_type": 7, "object_id": 33}}, {"model": "read_statistics.readdetail", "pk": 11, "fields": {"date": "2020-04-08", "read_num": 1, "content_type": 7, "object_id": 37}}, {"model": "read_statistics.readdetail", "pk": 12, "fields": {"date": "2020-04-10", "read_num": 1, "content_type": 7, "object_id": 37}}, {"model": "read_statistics.readdetail", "pk": 13, "fields": {"date": "2020-04-10", "read_num": 2, "content_type": 7, "object_id": 36}}, {"model": "read_statistics.readdetail", "pk": 14, "fields": {"date": "2020-04-11", "read_num": 3, "content_type": 7, "object_id": 37}}, {"model": "read_statistics.readdetail", "pk": 15, "fields": {"date": "2020-04-11", "read_num": 4, "content_type": 7, "object_id": 36}}, {"model": "read_statistics.readdetail", "pk": 16, "fields": {"date": "2020-04-12", "read_num": 1, "content_type": 7, "object_id": 36}}, {"model": "read_statistics.readdetail", "pk": 17, "fields": {"date": "2020-04-12", "read_num": 1, "content_type": 7, "object_id": 34}}, {"model": "read_statistics.readdetail", "pk": 18, "fields": {"date": "2020-04-12", "read_num": 1, "content_type": 7, "object_id": 35}}, {"model": "read_statistics.readdetail", "pk": 19, "fields": {"date": "2020-04-12", "read_num": 1, "content_type": 7, "object_id": 37}}, {"model": "read_statistics.readdetail", "pk": 20, "fields": {"date": "2020-04-12", "read_num": 1, "content_type": 7, "object_id": 33}}, {"model": "read_statistics.readdetail", "pk": 21, "fields": {"date": "2020-04-16", "read_num": 4, "content_type": 7, "object_id": 37}}, {"model": "read_statistics.readdetail", "pk": 22, "fields": {"date": "2020-04-16", "read_num": 2, "content_type": 7, "object_id": 36}}, {"model": "read_statistics.readdetail", "pk": 23, "fields": {"date": "2020-04-17", "read_num": 2, "content_type": 7, "object_id": 35}}, {"model": "read_statistics.readdetail", "pk": 24, "fields": {"date": "2020-04-17", "read_num": 2, "content_type": 7, "object_id": 37}}, {"model": "read_statistics.readdetail", "pk": 25, "fields": {"date": "2020-04-17", "read_num": 1, "content_type": 7, "object_id": 36}}, {"model": "read_statistics.readdetail", "pk": 26, "fields": {"date": "2020-04-17", "read_num": 1, "content_type": 7, "object_id": 34}}, {"model": "read_statistics.readdetail", "pk": 27, "fields": {"date": "2020-04-20", "read_num": 1, "content_type": 7, "object_id": 36}}, {"model": "read_statistics.readdetail", "pk": 28, "fields": {"date": "2020-04-21", "read_num": 1, "content_type": 7, "object_id": 36}}, {"model": "read_statistics.readdetail", "pk": 29, "fields": {"date": "2020-04-21", "read_num": 1, "content_type": 7, "object_id": 35}}, {"model": "read_statistics.readdetail", "pk": 30, "fields": {"date": "2020-04-21", "read_num": 1, "content_type": 7, "object_id": 37}}, {"model": "read_statistics.readdetail", "pk": 31, "fields": {"date": "2020-04-21", "read_num": 1, "content_type": 7, "object_id": 34}}, {"model": "read_statistics.readdetail", "pk": 32, "fields": {"date": "2020-04-22", "read_num": 1, "content_type": 7, "object_id": 37}}, {"model": "read_statistics.readdetail", "pk": 33, "fields": {"date": "2020-04-22", "read_num": 2, "content_type": 7, "object_id": 36}}, {"model": "read_statistics.readdetail", "pk": 34, "fields": {"date": "2020-04-23", "read_num": 2, "content_type": 7, "object_id": 37}}, {"model": "likes.likecount", "pk": 2, "fields": {"content_type": 7, "object_id": 35, "liked_num": 0}}, {"model": "likes.likecount", "pk": 3, "fields": {"content_type": 7, "object_id": 37, "liked_num": 0}}, {"model": "likes.likecount", "pk": 4, "fields": {"content_type": 7, "object_id": 36, "liked_num": 1}}, {"model": "likes.likecount", "pk": 5, "fields": {"content_type": 7, "object_id": 34, "liked_num": 0}}, {"model": "likes.likecount", "pk": 6, "fields": {"content_type": 7, "object_id": 33, "liked_num": 0}}, {"model": "likes.likecount", "pk": 7, "fields": {"content_type": 7, "object_id": 32, "liked_num": 0}}, {"model": "likes.likecount", "pk": 8, "fields": {"content_type": 7, "object_id": 31, "liked_num": 0}}, {"model": "likes.likecount", "pk": 9, "fields": {"content_type": 12, "object_id": 25, "liked_num": 0}}, {"model": "likes.likecount", "pk": 10, "fields": {"content_type": 12, "object_id": 20, "liked_num": 0}}, {"model": "likes.likecount", "pk": 11, "fields": {"content_type": 12, "object_id": 13, "liked_num": 0}}, {"model": "likes.likecount", "pk": 12, "fields": {"content_type": 12, "object_id": 12, "liked_num": 0}}, {"model": "likes.likecount", "pk": 13, "fields": {"content_type": 12, "object_id": 11, "liked_num": 0}}, {"model": "likes.likecount", "pk": 14, "fields": {"content_type": 12, "object_id": 10, "liked_num": 0}}, {"model": "likes.likecount", "pk": 15, "fields": {"content_type": 12, "object_id": 9, "liked_num": 0}}, {"model": "likes.likecount", "pk": 16, "fields": {"content_type": 12, "object_id": 8, "liked_num": 0}}, {"model": "likes.likecount", "pk": 17, "fields": {"content_type": 12, "object_id": 7, "liked_num": 0}}, {"model": "likes.likecount", "pk": 18, "fields": {"content_type": 12, "object_id": 6, "liked_num": 0}}, {"model": "likes.likecount", "pk": 19, "fields": {"content_type": 12, "object_id": 5, "liked_num": 0}}, {"model": "likes.likecount", "pk": 20, "fields": {"content_type": 12, "object_id": 4, "liked_num": 0}}, {"model": "likes.likecount", "pk": 21, "fields": {"content_type": 12, "object_id": 3, "liked_num": 0}}, {"model": "likes.likecount", "pk": 22, "fields": {"content_type": 12, "object_id": 2, "liked_num": 0}}, {"model": "likes.likecount", "pk": 23, "fields": {"content_type": 12, "object_id": 1, "liked_num": 0}}, {"model": "likes.likecount", "pk": 24, "fields": {"content_type": 12, "object_id": 26, "liked_num": 0}}, {"model": "likes.likecount", "pk": 25, "fields": {"content_type": 12, "object_id": 27, "liked_num": 0}}, {"model": "likes.likecount", "pk": 26, "fields": {"content_type": 12, "object_id": 28, "liked_num": 0}}, {"model": "likes.likecount", "pk": 27, "fields": {"content_type": 12, "object_id": 42, "liked_num": 0}}, {"model": "likes.likecount", "pk": 28, "fields": {"content_type": 12, "object_id": 43, "liked_num": 0}}, {"model": "likes.likecount", "pk": 29, "fields": {"content_type": 12, "object_id": 21, "liked_num": 0}}, {"model": "likes.likecount", "pk": 30, "fields": {"content_type": 12, "object_id": 22, "liked_num": 0}}, {"model": "likes.likecount", "pk": 31, "fields": {"content_type": 12, "object_id": 23, "liked_num": 0}}, {"model": "likes.likecount", "pk": 32, "fields": {"content_type": 12, "object_id": 24, "liked_num": 0}}, {"model": "likes.likecount", "pk": 33, "fields": {"content_type": 12, "object_id": 17, "liked_num": 0}}, {"model": "likes.likecount", "pk": 34, "fields": {"content_type": 12, "object_id": 18, "liked_num": 0}}, {"model": "likes.likecount", "pk": 35, "fields": {"content_type": 12, "object_id": 19, "liked_num": 0}}, {"model": "likes.likecount", "pk": 36, "fields": {"content_type": 12, "object_id": 16, "liked_num": 0}}, {"model": "likes.likecount", "pk": 37, "fields": {"content_type": 12, "object_id": 55, "liked_num": 0}}, {"model": "likes.likecount", "pk": 38, "fields": {"content_type": 12, "object_id": 57, "liked_num": 0}}, {"model": "likes.likecount", "pk": 39, "fields": {"content_type": 12, "object_id": 56, "liked_num": 0}}, {"model": "likes.likecount", "pk": 40, "fields": {"content_type": 12, "object_id": 51, "liked_num": 0}}, {"model": "likes.likecount", "pk": 41, "fields": {"content_type": 12, "object_id": 52, "liked_num": 0}}, {"model": "likes.likecount", "pk": 42, "fields": {"content_type": 12, "object_id": 53, "liked_num": 0}}, {"model": "likes.likecount", "pk": 43, "fields": {"content_type": 12, "object_id": 54, "liked_num": 0}}, {"model": "likes.likecount", "pk": 44, "fields": {"content_type": 12, "object_id": 15, "liked_num": 0}}, {"model": "likes.likecount", "pk": 45, "fields": {"content_type": 12, "object_id": 58, "liked_num": 0}}, {"model": "likes.likecount", "pk": 46, "fields": {"content_type": 12, "object_id": 59, "liked_num": 0}}, {"model": "likes.likecount", "pk": 47, "fields": {"content_type": 12, "object_id": 60, "liked_num": 0}}, {"model": "likes.likecount", "pk": 48, "fields": {"content_type": 12, "object_id": 61, "liked_num": 0}}, {"model": "likes.likecount", "pk": 49, "fields": {"content_type": 12, "object_id": 62, "liked_num": 0}}, {"model": "likes.likecount", "pk": 50, "fields": {"content_type": 12, "object_id": 69, "liked_num": 1}}, {"model": "likes.likecount", "pk": 51, "fields": {"content_type": 12, "object_id": 70, "liked_num": 0}}, {"model": "likes.likecount", "pk": 52, "fields": {"content_type": 12, "object_id": 71, "liked_num": 0}}, {"model": "likes.likecount", "pk": 53, "fields": {"content_type": 12, "object_id": 73, "liked_num": 0}}, {"model": "likes.likecount", "pk": 54, "fields": {"content_type": 12, "object_id": 72, "liked_num": 0}}, {"model": "auth.permission", "pk": 1, "fields": {"name": "Can add log entry", "content_type": 1, "codename": "add_logentry"}}, {"model": "auth.permission", "pk": 2, "fields": {"name": "Can change log entry", "content_type": 1, "codename": "change_logentry"}}, {"model": "auth.permission", "pk": 3, "fields": {"name": "Can delete log entry", "content_type": 1, "codename": "delete_logentry"}}, {"model": "auth.permission", "pk": 4, "fields": {"name": "Can view log entry", "content_type": 1, "codename": "view_logentry"}}, {"model": "auth.permission", "pk": 5, "fields": {"name": "Can add permission", "content_type": 2, "codename": "add_permission"}}, {"model": "auth.permission", "pk": 6, "fields": {"name": "Can change permission", "content_type": 2, "codename": "change_permission"}}, {"model": "auth.permission", "pk": 7, "fields": {"name": "Can delete permission", "content_type": 2, "codename": "delete_permission"}}, {"model": "auth.permission", "pk": 8, "fields": {"name": "Can view permission", "content_type": 2, "codename": "view_permission"}}, {"model": "auth.permission", "pk": 9, "fields": {"name": "Can add group", "content_type": 3, "codename": "add_group"}}, {"model": "auth.permission", "pk": 10, "fields": {"name": "Can change group", "content_type": 3, "codename": "change_group"}}, {"model": "auth.permission", "pk": 11, "fields": {"name": "Can delete group", "content_type": 3, "codename": "delete_group"}}, {"model": "auth.permission", "pk": 12, "fields": {"name": "Can view group", "content_type": 3, "codename": "view_group"}}, {"model": "auth.permission", "pk": 13, "fields": {"name": "Can add user", "content_type": 4, "codename": "add_user"}}, {"model": "auth.permission", "pk": 14, "fields": {"name": "Can change user", "content_type": 4, "codename": "change_user"}}, {"model": "auth.permission", "pk": 15, "fields": {"name": "Can delete user", "content_type": 4, "codename": "delete_user"}}, {"model": "auth.permission", "pk": 16, "fields": {"name": "Can view user", "content_type": 4, "codename": "view_user"}}, {"model": "auth.permission", "pk": 17, "fields": {"name": "Can add content type", "content_type": 5, "codename": "add_contenttype"}}, {"model": "auth.permission", "pk": 18, "fields": {"name": "Can change content type", "content_type": 5, "codename": "change_contenttype"}}, {"model": "auth.permission", "pk": 19, "fields": {"name": "Can delete content type", "content_type": 5, "codename": "delete_contenttype"}}, {"model": "auth.permission", "pk": 20, "fields": {"name": "Can view content type", "content_type": 5, "codename": "view_contenttype"}}, {"model": "auth.permission", "pk": 21, "fields": {"name": "Can add session", "content_type": 6, "codename": "add_session"}}, {"model": "auth.permission", "pk": 22, "fields": {"name": "Can change session", "content_type": 6, "codename": "change_session"}}, {"model": "auth.permission", "pk": 23, "fields": {"name": "Can delete session", "content_type": 6, "codename": "delete_session"}}, {"model": "auth.permission", "pk": 24, "fields": {"name": "Can view session", "content_type": 6, "codename": "view_session"}}, {"model": "auth.permission", "pk": 25, "fields": {"name": "Can add blog", "content_type": 7, "codename": "add_blog"}}, {"model": "auth.permission", "pk": 26, "fields": {"name": "Can change blog", "content_type": 7, "codename": "change_blog"}}, {"model": "auth.permission", "pk": 27, "fields": {"name": "Can delete blog", "content_type": 7, "codename": "delete_blog"}}, {"model": "auth.permission", "pk": 28, "fields": {"name": "Can view blog", "content_type": 7, "codename": "view_blog"}}, {"model": "auth.permission", "pk": 29, "fields": {"name": "Can add blog type", "content_type": 8, "codename": "add_blogtype"}}, {"model": "auth.permission", "pk": 30, "fields": {"name": "Can change blog type", "content_type": 8, "codename": "change_blogtype"}}, {"model": "auth.permission", "pk": 31, "fields": {"name": "Can delete blog type", "content_type": 8, "codename": "delete_blogtype"}}, {"model": "auth.permission", "pk": 32, "fields": {"name": "Can view blog type", "content_type": 8, "codename": "view_blogtype"}}, {"model": "auth.permission", "pk": 33, "fields": {"name": "Can add read num", "content_type": 9, "codename": "add_readnum"}}, {"model": "auth.permission", "pk": 34, "fields": {"name": "Can change read num", "content_type": 9, "codename": "change_readnum"}}, {"model": "auth.permission", "pk": 35, "fields": {"name": "Can delete read num", "content_type": 9, "codename": "delete_readnum"}}, {"model": "auth.permission", "pk": 36, "fields": {"name": "Can view read num", "content_type": 9, "codename": "view_readnum"}}, {"model": "auth.permission", "pk": 37, "fields": {"name": "Can add read num", "content_type": 10, "codename": "add_readnum"}}, {"model": "auth.permission", "pk": 38, "fields": {"name": "Can change read num", "content_type": 10, "codename": "change_readnum"}}, {"model": "auth.permission", "pk": 39, "fields": {"name": "Can delete read num", "content_type": 10, "codename": "delete_readnum"}}, {"model": "auth.permission", "pk": 40, "fields": {"name": "Can view read num", "content_type": 10, "codename": "view_readnum"}}, {"model": "auth.permission", "pk": 41, "fields": {"name": "Can add read detail", "content_type": 11, "codename": "add_readdetail"}}, {"model": "auth.permission", "pk": 42, "fields": {"name": "Can change read detail", "content_type": 11, "codename": "change_readdetail"}}, {"model": "auth.permission", "pk": 43, "fields": {"name": "Can delete read detail", "content_type": 11, "codename": "delete_readdetail"}}, {"model": "auth.permission", "pk": 44, "fields": {"name": "Can view read detail", "content_type": 11, "codename": "view_readdetail"}}, {"model": "auth.permission", "pk": 45, "fields": {"name": "Can add comment", "content_type": 12, "codename": "add_comment"}}, {"model": "auth.permission", "pk": 46, "fields": {"name": "Can change comment", "content_type": 12, "codename": "change_comment"}}, {"model": "auth.permission", "pk": 47, "fields": {"name": "Can delete comment", "content_type": 12, "codename": "delete_comment"}}, {"model": "auth.permission", "pk": 48, "fields": {"name": "Can view comment", "content_type": 12, "codename": "view_comment"}}, {"model": "auth.permission", "pk": 49, "fields": {"name": "Can add like record", "content_type": 13, "codename": "add_likerecord"}}, {"model": "auth.permission", "pk": 50, "fields": {"name": "Can change like record", "content_type": 13, "codename": "change_likerecord"}}, {"model": "auth.permission", "pk": 51, "fields": {"name": "Can delete like record", "content_type": 13, "codename": "delete_likerecord"}}, {"model": "auth.permission", "pk": 52, "fields": {"name": "Can view like record", "content_type": 13, "codename": "view_likerecord"}}, {"model": "auth.permission", "pk": 53, "fields": {"name": "Can add like count", "content_type": 14, "codename": "add_likecount"}}, {"model": "auth.permission", "pk": 54, "fields": {"name": "Can change like count", "content_type": 14, "codename": "change_likecount"}}, {"model": "auth.permission", "pk": 55, "fields": {"name": "Can delete like count", "content_type": 14, "codename": "delete_likecount"}}, {"model": "auth.permission", "pk": 56, "fields": {"name": "Can view like count", "content_type": 14, "codename": "view_likecount"}}, {"model": "auth.permission", "pk": 57, "fields": {"name": "Can add profile", "content_type": 15, "codename": "add_profile"}}, {"model": "auth.permission", "pk": 58, "fields": {"name": "Can change profile", "content_type": 15, "codename": "change_profile"}}, {"model": "auth.permission", "pk": 59, "fields": {"name": "Can delete profile", "content_type": 15, "codename": "delete_profile"}}, {"model": "auth.permission", "pk": 60, "fields": {"name": "Can view profile", "content_type": 15, "codename": "view_profile"}}, {"model": "auth.user", "pk": 1, "fields": {"password": "pbkdf2_sha256$150000$27vB4HSuPWYF$4KB5s2DikvG8FuVokXyEfhaaCUVOxldglGE/7DKkbb8=", "last_login": "2020-04-23T10:26:00.736Z", "is_superuser": true, "username": "admin", "first_name": "", "last_name": "", "email": "416983839@qq.com", "is_staff": true, "is_active": true, "date_joined": "2020-03-08T14:09:08.789Z", "groups": [], "user_permissions": []}}, {"model": "auth.user", "pk": 2, "fields": {"password": "pbkdf2_sha256$150000$WWei1V144fFt$rrdlDTwmsA/lamBOCErwiU5HT99FyqRYWLI3r7CK6h8=", "last_login": "2020-04-22T09:24:39.903Z", "is_superuser": false, "username": "css", "first_name": "", "last_name": "", "email": "css@qq.com", "is_staff": false, "is_active": true, "date_joined": "2020-04-11T08:42:17.297Z", "groups": [], "user_permissions": []}}, {"model": "auth.user", "pk": 4, "fields": {"password": "pbkdf2_sha256$150000$cL5ZFMgcSj3f$FFdMKxtnh0RiUlyd/TYS+Uo/leh/HDxxYZut9Jr5orY=", "last_login": "2020-04-23T10:41:12.184Z", "is_superuser": false, "username": "css1", "first_name": "", "last_name": "", "email": "1939996515@qq.com", "is_staff": false, "is_active": true, "date_joined": "2020-04-23T09:37:45.816Z", "groups": [], "user_permissions": []}}, {"model": "blog.blog", "pk": 3, "fields": {"title": "\u957f\u5185\u5bb9\u7684\u535a\u5ba2", "blog_type": 4, "content": "\u5f88\u591a\u5185\u5bb9\u5440\uff01\u5f88\u591a\u5185\u5bb9\u5440\uff01\u5f88\u591a\u5185\u5bb9\u5440\uff01\u5f88\u591a\u5185\u5bb9\u5440\uff01\u5f88\u591a\u5185\u5bb9\u5440\uff01\u5f88\u591a\u5185\u5bb9\u5440\uff01\u5f88\u591a\u5185\u5bb9\u5440\uff01\u5f88\u591a\u5185\u5bb9\u5440\uff01\u5f88\u591a\u5185\u5bb9\u5440\uff01\u5f88\u591a\u5185\u5bb9\u5440\uff01\u5f88\u591a\u5185\u5bb9\u5440\uff01\u5f88\u591a\u5185\u5bb9\u5440\uff01\u5f88\u591a\u5185\u5bb9\u5440\uff01\u5f88\u591a\u5185\u5bb9\u5440\uff01\u5f88\u591a\u5185\u5bb9\u5440\uff01\u5f88\u591a\u5185\u5bb9\u5440\uff01\u5f88\u591a\u5185\u5bb9\u5440\uff01\u5f88\u591a\u5185\u5bb9\u5440\uff01\u5f88\u591a\u5185\u5bb9\u5440\uff01\u5f88\u591a\u5185\u5bb9\u5440\uff01\u5f88\u591a\u5185\u5bb9\u5440\uff01\u5f88\u591a\u5185\u5bb9\u5440\uff01\u5f88\u591a\u5185\u5bb9\u5440\uff01\u5f88\u591a\u5185\u5bb9\u5440\uff01\u5f88\u591a\u5185\u5bb9\u5440\uff01\u5f88\u591a\u5185\u5bb9\u5440\uff01\u5f88\u591a\u5185\u5bb9\u5440\uff01\u5f88\u591a\u5185\u5bb9\u5440\uff01\u5f88\u591a\u5185\u5bb9\u5440\uff01\u5f88\u591a\u5185\u5bb9\u5440\uff01\u5f88\u591a\u5185\u5bb9\u5440\uff01\u5f88\u591a\u5185\u5bb9\u5440\uff01\u5f88\u591a\u5185\u5bb9\u5440\uff01\u5f88\u591a\u5185\u5bb9\u5440\uff01\u5f88\u591a\u5185\u5bb9\u5440\uff01\u5f88\u591a\u5185\u5bb9\u5440\uff01\u5f88\u591a\u5185\u5bb9\u5440\uff01\u5f88\u591a\u5185\u5bb9\u5440\uff01\u5f88\u591a\u5185\u5bb9\u5440\uff01\u5f88\u591a\u5185\u5bb9\u5440\uff01\u5f88\u591a\u5185\u5bb9\u5440\uff01\u5f88\u591a\u5185\u5bb9\u5440\uff01\u5f88\u591a\u5185\u5bb9\u5440\uff01\u5f88\u591a\u5185\u5bb9\u5440\uff01\u5f88\u591a\u5185\u5bb9\u5440\uff01\u5f88\u591a\u5185\u5bb9\u5440\uff01\u5f88\u591a\u5185\u5bb9\u5440\uff01\u5f88\u591a\u5185\u5bb9\u5440\uff01\u5f88\u591a\u5185\u5bb9\u5440\uff01\u5f88\u591a\u5185\u5bb9\u5440\uff01\u5f88\u591a\u5185\u5bb9\u5440\uff01\u5f88\u591a\u5185\u5bb9\u5440\uff01\u5f88\u591a\u5185\u5bb9\u5440\uff01\u5f88\u591a\u5185\u5bb9\u5440\uff01\u5f88\u591a\u5185\u5bb9\u5440\uff01\u5f88\u591a\u5185\u5bb9\u5440\uff01\u5f88\u591a\u5185\u5bb9\u5440\uff01\u5f88\u591a\u5185\u5bb9\u5440\uff01\u5f88\u591a\u5185\u5bb9\u5440\uff01\u5f88\u591a\u5185\u5bb9\u5440\uff01\u5f88\u591a\u5185\u5bb9\u5440\uff01\u5f88\u591a\u5185\u5bb9\u5440\uff01\u5f88\u591a\u5185\u5bb9\u5440\uff01\u5f88\u591a\u5185\u5bb9\u5440\uff01\u5f88\u591a\u5185\u5bb9\u5440\uff01\u5f88\u591a\u5185\u5bb9\u5440\uff01\u5f88\u591a\u5185\u5bb9\u5440\uff01\u5f88\u591a\u5185\u5bb9\u5440\uff01\u5f88\u591a\u5185\u5bb9\u5440\uff01\u5f88\u591a\u5185\u5bb9\u5440\uff01\u5f88\u591a\u5185\u5bb9\u5440\uff01\u5f88\u591a\u5185\u5bb9\u5440\uff01\u5f88\u591a\u5185\u5bb9\u5440\uff01\u5f88\u591a\u5185\u5bb9\u5440\uff01\u5f88\u591a\u5185\u5bb9\u5440\uff01\u5f88\u591a\u5185\u5bb9\u5440\uff01\u5f88\u591a\u5185\u5bb9\u5440\uff01\u5f88\u591a\u5185\u5bb9\u5440\uff01\u5f88\u591a\u5185\u5bb9\u5440\uff01\u5f88\u591a\u5185\u5bb9\u5440\uff01\u5f88\u591a\u5185\u5bb9\u5440\uff01\u5f88\u591a\u5185\u5bb9\u5440\uff01\u5f88\u591a\u5185\u5bb9\u5440\uff01\u5f88\u591a\u5185\u5bb9\u5440\uff01\u5f88\u591a\u5185\u5bb9\u5440\uff01\u5f88\u591a\u5185\u5bb9\u5440\uff01\u5f88\u591a\u5185\u5bb9\u5440\uff01\u5f88\u591a\u5185\u5bb9\u5440\uff01\u5f88\u591a\u5185\u5bb9\u5440\uff01", "author": 1, "created_time": "2020-03-09T13:31:10.980Z", "last_updated_time": "2020-03-09T13:31:10.980Z"}}, {"model": "blog.blog", "pk": 4, "fields": {"title": "\u65e0\u804a2", "blog_type": 4, "content": "\u54c8\u54c8\u54c8", "author": 1, "created_time": "2020-03-09T14:21:41.900Z", "last_updated_time": "2020-03-09T14:21:41.900Z"}}, {"model": "blog.blog", "pk": 5, "fields": {"title": "Django", "blog_type": 1, "content": "\u5f00\u59cb\uff0c\u51b2\u5440\uff01", "author": 1, "created_time": "2020-03-10T04:00:11.283Z", "last_updated_time": "2020-03-10T04:00:11.283Z"}}, {"model": "blog.blog", "pk": 6, "fields": {"title": "shell\u4e0b\u7b2c\u4e00\u7bc7\u6587\u7ae0", "blog_type": 1, "content": "this is content", "author": 1, "created_time": "2020-03-25T13:58:40.799Z", "last_updated_time": "2020-03-25T13:58:40.799Z"}}, {"model": "blog.blog", "pk": 7, "fields": {"title": "shell blog for 1", "blog_type": 1, "content": "this is content:1", "author": 1, "created_time": "2020-03-25T14:04:04.203Z", "last_updated_time": "2020-03-25T14:04:04.203Z"}}, {"model": "blog.blog", "pk": 8, "fields": {"title": "shell blog for 2", "blog_type": 1, "content": "this is content:2", "author": 1, "created_time": "2020-03-25T14:04:04.217Z", "last_updated_time": "2020-03-25T14:04:04.217Z"}}, {"model": "blog.blog", "pk": 9, "fields": {"title": "shell blog for 3", "blog_type": 1, "content": "this is content:3", "author": 1, "created_time": "2020-03-25T14:04:04.225Z", "last_updated_time": "2020-03-25T14:04:04.225Z"}}, {"model": "blog.blog", "pk": 10, "fields": {"title": "shell blog for 4", "blog_type": 1, "content": "this is content:4", "author": 1, "created_time": "2020-03-25T14:04:04.230Z", "last_updated_time": "2020-03-25T14:04:04.230Z"}}, {"model": "blog.blog", "pk": 11, "fields": {"title": "shell blog for 5", "blog_type": 1, "content": "this is content:5", "author": 1, "created_time": "2020-03-25T14:04:04.235Z", "last_updated_time": "2020-03-25T14:04:04.235Z"}}, {"model": "blog.blog", "pk": 12, "fields": {"title": "shell blog for 6", "blog_type": 1, "content": "this is content:6", "author": 1, "created_time": "2020-03-25T14:04:04.239Z", "last_updated_time": "2020-03-25T14:04:04.239Z"}}, {"model": "blog.blog", "pk": 13, "fields": {"title": "shell blog for 7", "blog_type": 1, "content": "this is content:7", "author": 1, "created_time": "2020-03-25T14:04:04.243Z", "last_updated_time": "2020-03-25T14:04:04.243Z"}}, {"model": "blog.blog", "pk": 14, "fields": {"title": "shell blog for 8", "blog_type": 1, "content": "this is content:8", "author": 1, "created_time": "2020-03-25T14:04:04.247Z", "last_updated_time": "2020-03-25T14:04:04.247Z"}}, {"model": "blog.blog", "pk": 15, "fields": {"title": "shell blog for 9", "blog_type": 1, "content": "this is content:9", "author": 1, "created_time": "2020-03-25T14:04:04.251Z", "last_updated_time": "2020-03-25T14:04:04.251Z"}}, {"model": "blog.blog", "pk": 16, "fields": {"title": "shell blog for 10", "blog_type": 1, "content": "this is content:10", "author": 1, "created_time": "2020-03-25T14:04:04.256Z", "last_updated_time": "2020-03-25T14:04:04.256Z"}}, {"model": "blog.blog", "pk": 17, "fields": {"title": "shell blog for 11", "blog_type": 1, "content": "this is content:11", "author": 1, "created_time": "2020-03-25T14:04:04.260Z", "last_updated_time": "2020-03-25T14:04:04.260Z"}}, {"model": "blog.blog", "pk": 18, "fields": {"title": "shell blog for 12", "blog_type": 1, "content": "this is content:12", "author": 1, "created_time": "2020-03-25T14:04:04.272Z", "last_updated_time": "2020-03-25T14:04:04.272Z"}}, {"model": "blog.blog", "pk": 19, "fields": {"title": "shell blog for 13", "blog_type": 1, "content": "this is content:13", "author": 1, "created_time": "2020-03-25T14:04:04.276Z", "last_updated_time": "2020-03-25T14:04:04.276Z"}}, {"model": "blog.blog", "pk": 20, "fields": {"title": "shell blog for 14", "blog_type": 1, "content": "this is content:14", "author": 1, "created_time": "2020-03-25T14:04:04.280Z", "last_updated_time": "2020-03-25T14:04:04.280Z"}}, {"model": "blog.blog", "pk": 21, "fields": {"title": "shell blog for 15", "blog_type": 1, "content": "this is content:15", "author": 1, "created_time": "2020-03-25T14:04:04.284Z", "last_updated_time": "2020-03-25T14:04:04.284Z"}}, {"model": "blog.blog", "pk": 22, "fields": {"title": "shell blog for 16", "blog_type": 1, "content": "this is content:16", "author": 1, "created_time": "2020-03-25T14:04:04.288Z", "last_updated_time": "2020-03-25T14:04:04.288Z"}}, {"model": "blog.blog", "pk": 23, "fields": {"title": "shell blog for 17", "blog_type": 1, "content": "this is content:17", "author": 1, "created_time": "2020-03-25T14:04:04.292Z", "last_updated_time": "2020-03-25T14:04:04.292Z"}}, {"model": "blog.blog", "pk": 24, "fields": {"title": "shell blog for 18", "blog_type": 1, "content": "this is content:18", "author": 1, "created_time": "2020-03-25T14:04:04.297Z", "last_updated_time": "2020-03-25T14:04:04.297Z"}}, {"model": "blog.blog", "pk": 25, "fields": {"title": "shell blog for 19", "blog_type": 1, "content": "this is content:19", "author": 1, "created_time": "2020-03-25T14:04:04.301Z", "last_updated_time": "2020-03-25T14:04:04.301Z"}}, {"model": "blog.blog", "pk": 26, "fields": {"title": "shell blog for 20", "blog_type": 1, "content": "this is content:20", "author": 1, "created_time": "2020-03-25T14:04:04.305Z", "last_updated_time": "2020-03-25T14:04:04.305Z"}}, {"model": "blog.blog", "pk": 27, "fields": {"title": "shell blog for 21", "blog_type": 1, "content": "this is content:21", "author": 1, "created_time": "2020-03-25T14:04:04.313Z", "last_updated_time": "2020-03-25T14:04:04.313Z"}}, {"model": "blog.blog", "pk": 28, "fields": {"title": "shell blog for 22", "blog_type": 1, "content": "this is content:22", "author": 1, "created_time": "2020-03-25T14:04:04.318Z", "last_updated_time": "2020-03-25T14:04:04.318Z"}}, {"model": "blog.blog", "pk": 29, "fields": {"title": "shell blog for 23", "blog_type": 1, "content": "this is content:23", "author": 1, "created_time": "2020-03-25T14:04:04.324Z", "last_updated_time": "2020-03-25T14:04:04.324Z"}}, {"model": "blog.blog", "pk": 30, "fields": {"title": "shell blog for 24", "blog_type": 1, "content": "this is content:24", "author": 1, "created_time": "2020-03-25T14:04:04.329Z", "last_updated_time": "2020-03-25T14:04:04.329Z"}}, {"model": "blog.blog", "pk": 31, "fields": {"title": "shell blog for 25", "blog_type": 1, "content": "this is content:25", "author": 1, "created_time": "2020-03-25T14:04:04.337Z", "last_updated_time": "2020-03-25T14:04:04.337Z"}}, {"model": "blog.blog", "pk": 32, "fields": {"title": "shell blog for 26", "blog_type": 1, "content": "this is content:26", "author": 1, "created_time": "2020-03-25T14:04:04.341Z", "last_updated_time": "2020-03-25T14:04:04.341Z"}}, {"model": "blog.blog", "pk": 33, "fields": {"title": "shell blog for 27", "blog_type": 1, "content": "this is content:27", "author": 1, "created_time": "2020-03-25T14:04:04.348Z", "last_updated_time": "2020-03-25T14:04:04.348Z"}}, {"model": "blog.blog", "pk": 34, "fields": {"title": "shell blog for 28", "blog_type": 1, "content": "this is content:28", "author": 1, "created_time": "2020-03-25T14:04:04.353Z", "last_updated_time": "2020-03-25T14:04:04.353Z"}}, {"model": "blog.blog", "pk": 35, "fields": {"title": "shell blog for 29", "blog_type": 1, "content": "this is content:29", "author": 1, "created_time": "2020-03-25T14:04:04.361Z", "last_updated_time": "2020-03-25T14:04:04.361Z"}}, {"model": "blog.blog", "pk": 36, "fields": {"title": "shell blog for 30", "blog_type": 1, "content": "this is content:30", "author": 1, "created_time": "2020-03-25T14:04:04.366Z", "last_updated_time": "2020-03-25T14:04:04.366Z"}}, {"model": "blog.blog", "pk": 37, "fields": {"title": "\u611f\u609f", "blog_type": 3, "content": "<p>\u597d\u597d\u5b66\uff0c\u591a\u70b9\u8010\u5fc3\uff01<br />\r\n\u8fd9\u4e2a\u662f\u65b0\u7684\u4e00\u884c\uff01</p>\r\n\r\n<p><strong>\u8fd9\u4e2a\u662f\u7c97\u4f53\u5b57<img alt=\"yes\" src=\"http://localhost:8000/static/ckeditor/ckeditor/plugins/smiley/images/thumbs_up.png\" style=\"height:23px; width:23px\" title=\"yes\" /></strong><br />\r\n<img alt=\"\" src=\"/media/upload/2020/04/02/zed.jpg\" style=\"height:320px\" /></p>\r\n\r\n<p>&nbsp;</p>", "author": 1, "created_time": "2020-04-02T07:33:46.549Z", "last_updated_time": "2020-04-03T14:48:54.845Z"}}, {"model": "comment.comment", "pk": 1, "fields": {"content_type": 7, "object_id": 36, "text": "123", "comment_time": "2020-04-10T09:28:00.808Z", "user": 1, "root": null, "parent": null, "reply_to": null}}, {"model": "comment.comment", "pk": 2, "fields": {"content_type": 7, "object_id": 36, "text": "456", "comment_time": "2020-04-10T10:02:35.197Z", "user": 1, "root": null, "parent": null, "reply_to": null}}, {"model": "comment.comment", "pk": 3, "fields": {"content_type": 7, "object_id": 36, "text": "789", "comment_time": "2020-04-10T10:22:52.920Z", "user": 1, "root": null, "parent": null, "reply_to": null}}, {"model": "comment.comment", "pk": 4, "fields": {"content_type": 7, "object_id": 36, "text": "789 again", "comment_time": "2020-04-10T10:23:44.820Z", "user": 1, "root": null, "parent": null, "reply_to": null}}, {"model": "comment.comment", "pk": 5, "fields": {"content_type": 7, "object_id": 36, "text": "\u767b\u5f55\u548c\u6ce8\u518c\u529f\u80fd\u3002", "comment_time": "2020-04-11T08:42:34.784Z", "user": 2, "root": null, "parent": null, "reply_to": null}}, {"model": "comment.comment", "pk": 6, "fields": {"content_type": 7, "object_id": 36, "text": "Django form", "comment_time": "2020-04-11T13:53:20.114Z", "user": 1, "root": null, "parent": null, "reply_to": null}}, {"model": "comment.comment", "pk": 7, "fields": {"content_type": 7, "object_id": 36, "text": "django form \u4ee3\u66ffhtml form\u5b8c\u6210\u9a8c\u8bc1", "comment_time": "2020-04-11T14:32:10.119Z", "user": 1, "root": null, "parent": null, "reply_to": null}}, {"model": "comment.comment", "pk": 8, "fields": {"content_type": 7, "object_id": 36, "text": "<p><strong>\u5bcc\u6587\u672c</strong><em>\u7f16\u8f91\u6846<img alt=\"yes\" height=\"23\" src=\"http://localhost:8000/static/ckeditor/ckeditor/plugins/smiley/images/thumbs_up.png\" title=\"yes\" width=\"23\" /></em></p>", "comment_time": "2020-04-12T05:18:44.426Z", "user": 1, "root": null, "parent": null, "reply_to": null}}, {"model": "comment.comment", "pk": 9, "fields": {"content_type": 7, "object_id": 36, "text": "<p>789</p>", "comment_time": "2020-04-12T05:54:23.526Z", "user": 1, "root": null, "parent": null, "reply_to": null}}, {"model": "comment.comment", "pk": 10, "fields": {"content_type": 7, "object_id": 36, "text": "<p>try?</p>", "comment_time": "2020-04-12T06:03:55.839Z", "user": 1, "root": null, "parent": null, "reply_to": null}}, {"model": "comment.comment", "pk": 11, "fields": {"content_type": 7, "object_id": 36, "text": "<p>111</p>", "comment_time": "2020-04-12T06:05:59.779Z", "user": 1, "root": null, "parent": null, "reply_to": null}}, {"model": "comment.comment", "pk": 12, "fields": {"content_type": 7, "object_id": 36, "text": "<p>111</p>", "comment_time": "2020-04-12T06:20:12.782Z", "user": 1, "root": null, "parent": null, "reply_to": null}}, {"model": "comment.comment", "pk": 13, "fields": {"content_type": 7, "object_id": 36, "text": "<p><img alt=\"smiley\" height=\"23\" src=\"http://localhost:8000/static/ckeditor/ckeditor/plugins/smiley/images/regular_smile.png\" title=\"smiley\" width=\"23\" /></p>", "comment_time": "2020-04-12T06:21:02.516Z", "user": 1, "root": null, "parent": null, "reply_to": null}}, {"model": "comment.comment", "pk": 14, "fields": {"content_type": 7, "object_id": 35, "text": "<p>\u6682\u65e0\u8bc4\u8bba\u6d4b\u8bd5</p>", "comment_time": "2020-04-12T06:28:48.455Z", "user": 1, "root": null, "parent": null, "reply_to": null}}, {"model": "comment.comment", "pk": 15, "fields": {"content_type": 7, "object_id": 34, "text": "<p>\u6682\u65e0\u8bc4\u8bba bug \u6d4b\u8bd5</p>", "comment_time": "2020-04-12T06:29:36.295Z", "user": 1, "root": null, "parent": null, "reply_to": null}}, {"model": "comment.comment", "pk": 16, "fields": {"content_type": 7, "object_id": 36, "text": "\u56de\u590d\u529f\u80fd1", "comment_time": "2020-04-16T06:08:12.977Z", "user": 2, "root": 1, "parent": 1, "reply_to": 1}}, {"model": "comment.comment", "pk": 17, "fields": {"content_type": 7, "object_id": 36, "text": "<p>123</p>", "comment_time": "2020-04-16T07:24:17.509Z", "user": 1, "root": 13, "parent": 13, "reply_to": 1}}, {"model": "comment.comment", "pk": 18, "fields": {"content_type": 7, "object_id": 36, "text": "<p>456</p>", "comment_time": "2020-04-16T08:02:01.181Z", "user": 1, "root": 13, "parent": 13, "reply_to": 1}}, {"model": "comment.comment", "pk": 19, "fields": {"content_type": 7, "object_id": 36, "text": "<p>789</p>", "comment_time": "2020-04-16T08:04:10.224Z", "user": 1, "root": 13, "parent": 18, "reply_to": 1}}, {"model": "comment.comment", "pk": 20, "fields": {"content_type": 7, "object_id": 36, "text": "<p>new comment</p>", "comment_time": "2020-04-16T08:05:10.494Z", "user": 1, "root": null, "parent": null, "reply_to": null}}, {"model": "comment.comment", "pk": 21, "fields": {"content_type": 7, "object_id": 36, "text": "<p>new +1</p>", "comment_time": "2020-04-16T08:05:19.230Z", "user": 1, "root": 20, "parent": 20, "reply_to": 1}}, {"model": "comment.comment", "pk": 22, "fields": {"content_type": 7, "object_id": 36, "text": "<p>new +2</p>", "comment_time": "2020-04-16T08:05:27.783Z", "user": 1, "root": 20, "parent": 21, "reply_to": 1}}, {"model": "comment.comment", "pk": 23, "fields": {"content_type": 7, "object_id": 36, "text": "<p>new +3</p>", "comment_time": "2020-04-16T08:08:28.469Z", "user": 1, "root": 20, "parent": 20, "reply_to": 1}}, {"model": "comment.comment", "pk": 24, "fields": {"content_type": 7, "object_id": 36, "text": "<p>111</p>", "comment_time": "2020-04-16T08:15:58.185Z", "user": 1, "root": 20, "parent": 20, "reply_to": 1}}, {"model": "comment.comment", "pk": 25, "fields": {"content_type": 7, "object_id": 36, "text": "<p>222</p>", "comment_time": "2020-04-16T08:16:30.424Z", "user": 1, "root": null, "parent": null, "reply_to": null}}, {"model": "comment.comment", "pk": 26, "fields": {"content_type": 7, "object_id": 36, "text": "<p>222</p>", "comment_time": "2020-04-16T08:17:06.124Z", "user": 1, "root": 25, "parent": 25, "reply_to": 1}}, {"model": "comment.comment", "pk": 27, "fields": {"content_type": 7, "object_id": 36, "text": "<p>333</p>", "comment_time": "2020-04-16T08:17:13.985Z", "user": 1, "root": 25, "parent": 25, "reply_to": 1}}, {"model": "comment.comment", "pk": 28, "fields": {"content_type": 7, "object_id": 36, "text": "<p>444</p>", "comment_time": "2020-04-16T08:17:20.540Z", "user": 1, "root": 25, "parent": 27, "reply_to": 1}}, {"model": "comment.comment", "pk": 29, "fields": {"content_type": 7, "object_id": 35, "text": "<p>\u4fee\u6539\u63d0\u4ea4\u65b9\u5f0f</p>", "comment_time": "2020-04-17T01:00:21.148Z", "user": 1, "root": null, "parent": null, "reply_to": null}}, {"model": "comment.comment", "pk": 30, "fields": {"content_type": 7, "object_id": 35, "text": "<p>\u56de\u590d\u4e00\u4e0b\u770b\u770b</p>", "comment_time": "2020-04-17T01:00:29.025Z", "user": 1, "root": 29, "parent": 29, "reply_to": 1}}, {"model": "comment.comment", "pk": 31, "fields": {"content_type": 7, "object_id": 35, "text": "<p>\u83b7\u53d6\u535a\u5ba2\u5217\u8868</p>", "comment_time": "2020-04-17T01:42:03.037Z", "user": 1, "root": null, "parent": null, "reply_to": null}}, {"model": "comment.comment", "pk": 32, "fields": {"content_type": 7, "object_id": 35, "text": "<p>\u56de\u590d\u535a\u5ba2\u5217\u8868</p>", "comment_time": "2020-04-17T01:42:13.545Z", "user": 1, "root": 31, "parent": 31, "reply_to": 1}}, {"model": "comment.comment", "pk": 33, "fields": {"content_type": 7, "object_id": 35, "text": "<p>\u8bc4\u8bba\u65f6\u95f4\u6d4b\u8bd5</p>", "comment_time": "2020-04-17T02:37:53.593Z", "user": 1, "root": null, "parent": null, "reply_to": null}}, {"model": "comment.comment", "pk": 34, "fields": {"content_type": 7, "object_id": 35, "text": "<p>\u8bc4\u8bba\u65f6\u95f4\u6d4b\u8bd5</p>", "comment_time": "2020-04-17T02:37:56.938Z", "user": 1, "root": null, "parent": null, "reply_to": null}}, {"model": "comment.comment", "pk": 35, "fields": {"content_type": 7, "object_id": 35, "text": "<p>Date not Day</p>", "comment_time": "2020-04-17T02:39:43.449Z", "user": 1, "root": 34, "parent": 34, "reply_to": 1}}, {"model": "comment.comment", "pk": 36, "fields": {"content_type": 7, "object_id": 35, "text": "<p>Date not Data</p>", "comment_time": "2020-04-17T02:41:11.408Z", "user": 1, "root": 34, "parent": 34, "reply_to": 1}}, {"model": "comment.comment", "pk": 37, "fields": {"content_type": 7, "object_id": 35, "text": "<p>\u597d\u50cf\u4e0d\u4f1a\u66f4\u65b0</p>", "comment_time": "2020-04-17T02:42:23.370Z", "user": 1, "root": 34, "parent": 34, "reply_to": 1}}, {"model": "comment.comment", "pk": 38, "fields": {"content_type": 7, "object_id": 35, "text": "<p>\u8bc4\u8bba</p>", "comment_time": "2020-04-17T02:43:40.336Z", "user": 1, "root": null, "parent": null, "reply_to": null}}, {"model": "comment.comment", "pk": 39, "fields": {"content_type": 7, "object_id": 35, "text": "<p>\u8bc4\u8bba\u53ef\u4ee5\u9a6c\u4e0a\u5237\u65b0\uff0c\u56de\u590d\u4e0d\u80fd\u9a6c\u4e0a\u5237\u65b0</p>", "comment_time": "2020-04-17T02:44:02.783Z", "user": 1, "root": 38, "parent": 38, "reply_to": 1}}, {"model": "comment.comment", "pk": 40, "fields": {"content_type": 7, "object_id": 35, "text": "<p>\u73b0\u5728\u597d\u50cf\u53ef\u4ee5\u4e86</p>", "comment_time": "2020-04-17T02:44:33.063Z", "user": 1, "root": 38, "parent": 39, "reply_to": 1}}, {"model": "comment.comment", "pk": 41, "fields": {"content_type": 7, "object_id": 35, "text": "<p>\u56de\u590d2\u7ea7\u8fd8\u662f\u4e0d\u80fd\u9a6c\u4e0a\u5237\u65b0</p>", "comment_time": "2020-04-17T02:44:56.183Z", "user": 1, "root": 38, "parent": 40, "reply_to": 1}}, {"model": "comment.comment", "pk": 42, "fields": {"content_type": 7, "object_id": 36, "text": "<p>111</p>", "comment_time": "2020-04-17T03:10:25.574Z", "user": 1, "root": 25, "parent": 25, "reply_to": 1}}, {"model": "comment.comment", "pk": 43, "fields": {"content_type": 7, "object_id": 36, "text": "<p>1111</p>", "comment_time": "2020-04-17T03:10:44.000Z", "user": 1, "root": 25, "parent": 25, "reply_to": 1}}, {"model": "comment.comment", "pk": 44, "fields": {"content_type": 7, "object_id": 35, "text": "<p>\u8bc4\u8bba\u662f\u9a6c\u4e0a\u53ef\u4ee5\u5237\u65b0\u7684</p>", "comment_time": "2020-04-17T03:26:19.573Z", "user": 1, "root": null, "parent": null, "reply_to": null}}, {"model": "comment.comment", "pk": 45, "fields": {"content_type": 7, "object_id": 35, "text": "<p>\u8bc4\u8bba\u662f\u9a6c\u4e0a\u53ef\u4ee5\u5237\u65b0\u7684</p>", "comment_time": "2020-04-17T03:28:40.718Z", "user": 1, "root": null, "parent": null, "reply_to": null}}, {"model": "comment.comment", "pk": 46, "fields": {"content_type": 7, "object_id": 35, "text": "<p>\u56de\u590d\u5c31\u4e0d\u80fd\u9a6c\u4e0a\u5237\u65b0</p>", "comment_time": "2020-04-17T03:28:58.219Z", "user": 1, "root": 45, "parent": 45, "reply_to": 1}}, {"model": "comment.comment", "pk": 47, "fields": {"content_type": 7, "object_id": 35, "text": "<p>\u56de\u590d\u7b2c\u4e00\u7ea7\u8bc4\u8bba\u662f\u53ef\u4ee5\u5237\u65b0\u7684</p>", "comment_time": "2020-04-17T03:30:21.045Z", "user": 1, "root": 45, "parent": 45, "reply_to": 1}}, {"model": "comment.comment", "pk": 48, "fields": {"content_type": 7, "object_id": 35, "text": "<p>\u56de\u590d\u7b2c\u4e8c\u7ea7\u56de\u590d\u53ef\u4ee5\u5237\u65b0\u5417</p>", "comment_time": "2020-04-17T03:30:53.966Z", "user": 1, "root": 45, "parent": 47, "reply_to": 1}}, {"model": "comment.comment", "pk": 49, "fields": {"content_type": 7, "object_id": 35, "text": "<p>\u518d\u8bd5\u8bd5</p>", "comment_time": "2020-04-17T03:31:43.464Z", "user": 1, "root": 45, "parent": 45, "reply_to": 1}}, {"model": "comment.comment", "pk": 50, "fields": {"content_type": 7, "object_id": 35, "text": "<p>\u8bd5\u8bd5</p>", "comment_time": "2020-04-17T03:31:54.853Z", "user": 1, "root": 45, "parent": 45, "reply_to": 1}}, {"model": "comment.comment", "pk": 51, "fields": {"content_type": 7, "object_id": 34, "text": "<p>test</p>", "comment_time": "2020-04-17T03:42:35.389Z", "user": 1, "root": null, "parent": null, "reply_to": null}}, {"model": "comment.comment", "pk": 52, "fields": {"content_type": 7, "object_id": 34, "text": "<p>\u56de\u590dtest</p>", "comment_time": "2020-04-17T03:42:46.706Z", "user": 1, "root": 51, "parent": 51, "reply_to": 1}}, {"model": "comment.comment", "pk": 53, "fields": {"content_type": 7, "object_id": 34, "text": "<p>\u56de\u590dtest test</p>", "comment_time": "2020-04-17T03:42:59.051Z", "user": 1, "root": 51, "parent": 52, "reply_to": 1}}, {"model": "comment.comment", "pk": 54, "fields": {"content_type": 7, "object_id": 34, "text": "<p>\u6700\u540e\u4e00\u6b21\u56de\u590dtest</p>", "comment_time": "2020-04-17T03:43:49.779Z", "user": 1, "root": 51, "parent": 53, "reply_to": 1}}, {"model": "comment.comment", "pk": 55, "fields": {"content_type": 7, "object_id": 36, "text": "<p>\u56de\u590d</p>", "comment_time": "2020-04-21T03:49:46.501Z", "user": 1, "root": 25, "parent": 26, "reply_to": 1}}, {"model": "comment.comment", "pk": 56, "fields": {"content_type": 7, "object_id": 36, "text": "<p>1111</p>", "comment_time": "2020-04-21T03:50:15.686Z", "user": 1, "root": 25, "parent": 25, "reply_to": 1}}, {"model": "comment.comment", "pk": 57, "fields": {"content_type": 7, "object_id": 36, "text": "<p>test</p>", "comment_time": "2020-04-21T03:51:13.737Z", "user": 1, "root": null, "parent": null, "reply_to": null}}, {"model": "comment.comment", "pk": 58, "fields": {"content_type": 7, "object_id": 34, "text": "<p>111</p>", "comment_time": "2020-04-21T06:28:59.375Z", "user": 1, "root": 15, "parent": 15, "reply_to": 1}}, {"model": "comment.comment", "pk": 59, "fields": {"content_type": 7, "object_id": 34, "text": "<p>222</p>", "comment_time": "2020-04-21T06:29:57.925Z", "user": 1, "root": 15, "parent": 15, "reply_to": 1}}, {"model": "comment.comment", "pk": 60, "fields": {"content_type": 7, "object_id": 34, "text": "<p>333\u56de\u590d\u603b\u662f\u4e0d\u80fd\u9a6c\u4e0a\u663e\u793a</p>", "comment_time": "2020-04-21T06:37:40.929Z", "user": 1, "root": 15, "parent": 15, "reply_to": 1}}, {"model": "comment.comment", "pk": 61, "fields": {"content_type": 7, "object_id": 34, "text": "<p>1111111</p>", "comment_time": "2020-04-21T06:47:45.330Z", "user": 1, "root": 15, "parent": 15, "reply_to": 1}}, {"model": "comment.comment", "pk": 62, "fields": {"content_type": 7, "object_id": 34, "text": "<p>now\uff1f</p>", "comment_time": "2020-04-21T06:48:30.140Z", "user": 1, "root": 15, "parent": 15, "reply_to": 1}}, {"model": "comment.comment", "pk": 63, "fields": {"content_type": 7, "object_id": 34, "text": "<p>\u8bc4\u8bba\uff0c\u53ef\u4ee5\u5417</p>", "comment_time": "2020-04-21T06:48:47.313Z", "user": 1, "root": null, "parent": null, "reply_to": null}}, {"model": "comment.comment", "pk": 64, "fields": {"content_type": 7, "object_id": 34, "text": "<p>\u518d\u6b21\u56de\u590d\u8bd5\u8bd5</p>", "comment_time": "2020-04-21T06:48:56.597Z", "user": 1, "root": 63, "parent": 63, "reply_to": 1}}, {"model": "comment.comment", "pk": 65, "fields": {"content_type": 7, "object_id": 34, "text": "<p>\u591a\u4e86\u5c31\u4e0d\u53ef\u4ee5\uff1f</p>", "comment_time": "2020-04-21T06:49:07.582Z", "user": 1, "root": 63, "parent": 64, "reply_to": 1}}, {"model": "comment.comment", "pk": 66, "fields": {"content_type": 7, "object_id": 34, "text": "<p>1111</p>", "comment_time": "2020-04-21T06:50:01.112Z", "user": 1, "root": 63, "parent": 63, "reply_to": 1}}, {"model": "comment.comment", "pk": 67, "fields": {"content_type": 7, "object_id": 34, "text": "<p>\u7b2c\u56db\u6761\u4e86</p>", "comment_time": "2020-04-21T06:50:10.774Z", "user": 1, "root": 63, "parent": 63, "reply_to": 1}}, {"model": "comment.comment", "pk": 68, "fields": {"content_type": 7, "object_id": 34, "text": "<p>\u56de\u590d\u7b2c\u56db\u6761</p>", "comment_time": "2020-04-21T06:50:27.824Z", "user": 1, "root": 63, "parent": 67, "reply_to": 1}}, {"model": "comment.comment", "pk": 69, "fields": {"content_type": 7, "object_id": 36, "text": "<p>pingl</p>", "comment_time": "2020-04-21T09:41:28.466Z", "user": 1, "root": null, "parent": null, "reply_to": null}}, {"model": "comment.comment", "pk": 70, "fields": {"content_type": 7, "object_id": 36, "text": "<p>nihao</p>", "comment_time": "2020-04-21T09:41:40.427Z", "user": 1, "root": 69, "parent": 69, "reply_to": 1}}, {"model": "comment.comment", "pk": 71, "fields": {"content_type": 7, "object_id": 36, "text": "<p>hello</p>", "comment_time": "2020-04-22T13:59:27.497Z", "user": 1, "root": 69, "parent": 70, "reply_to": 1}}, {"model": "comment.comment", "pk": 72, "fields": {"content_type": 7, "object_id": 36, "text": "<p>\u56de\u590d\u603b\u662f\u5f88\u4e0d\u53cb\u597d</p>", "comment_time": "2020-04-22T13:59:56.893Z", "user": 1, "root": 69, "parent": 71, "reply_to": 1}}, {"model": "comment.comment", "pk": 73, "fields": {"content_type": 7, "object_id": 36, "text": "<p>\u8bc4\u8bba\u5c31\u53ef\u4ee5</p>", "comment_time": "2020-04-22T14:00:09.405Z", "user": 1, "root": null, "parent": null, "reply_to": null}}, {"model": "likes.likerecord", "pk": 10, "fields": {"content_type": 7, "object_id": 36, "user": 1, "liked_time": "2020-04-21T06:19:30.238Z"}}, {"model": "likes.likerecord", "pk": 19, "fields": {"content_type": 12, "object_id": 69, "user": 1, "liked_time": "2020-04-22T05:50:45.315Z"}}, {"model": "user.profile", "pk": 1, "fields": {"user": 1, "nickname": "\u5c0f\u80d6\u9c7c"}}, {"model": "user.profile", "pk": 2, "fields": {"user": 4, "nickname": "\u5361\u5361\u7f57\u7279"}}, {"model": "admin.logentry", "pk": 1, "fields": {"action_time": "2020-03-08T14:25:04.159Z", "user": 1, "content_type": 8, "object_id": "1", "object_repr": "BlogType object (1)", "action_flag": 1, "change_message": "[{\"added\": {}}]"}}, {"model": "admin.logentry", "pk": 2, "fields": {"action_time": "2020-03-08T14:27:12.288Z", "user": 1, "content_type": 8, "object_id": "2", "object_repr": "BlogType object (2)", "action_flag": 1, "change_message": "[{\"added\": {}}]"}}, {"model": "admin.logentry", "pk": 3, "fields": {"action_time": "2020-03-08T14:27:20.175Z", "user": 1, "content_type": 8, "object_id": "3", "object_repr": "BlogType object (3)", "action_flag": 1, "change_message": "[{\"added\": {}}]"}}, {"model": "admin.logentry", "pk": 4, "fields": {"action_time": "2020-03-08T14:30:25.243Z", "user": 1, "content_type": 8, "object_id": "4", "object_repr": "BlogType object (4)", "action_flag": 1, "change_message": "[{\"added\": {}}]"}}, {"model": "admin.logentry", "pk": 5, "fields": {"action_time": "2020-03-08T14:31:07.945Z", "user": 1, "content_type": 7, "object_id": "1", "object_repr": "Blog object (1)", "action_flag": 1, "change_message": "[{\"added\": {}}]"}}, {"model": "admin.logentry", "pk": 6, "fields": {"action_time": "2020-03-09T13:08:17.481Z", "user": 1, "content_type": 7, "object_id": "1", "object_repr": "<Blog:\u7b2c\u4e00\u7bc7\u535a\u6587>", "action_flag": 2, "change_message": "[{\"changed\": {\"fields\": [\"title\"]}}]"}}, {"model": "admin.logentry", "pk": 7, "fields": {"action_time": "2020-03-09T13:15:40.750Z", "user": 1, "content_type": 7, "object_id": "2", "object_repr": "<Blog:\u7b2c\u4e8c\u7bc7\u535a\u6587>", "action_flag": 1, "change_message": "[{\"added\": {}}]"}}, {"model": "admin.logentry", "pk": 8, "fields": {"action_time": "2020-03-09T13:29:34.847Z", "user": 1, "content_type": 7, "object_id": "2", "object_repr": "<Blog:\u7b2c\u4e8c\u7bc7\u535a\u6587>", "action_flag": 3, "change_message": ""}}, {"model": "admin.logentry", "pk": 9, "fields": {"action_time": "2020-03-09T13:29:34.852Z", "user": 1, "content_type": 7, "object_id": "1", "object_repr": "<Blog:\u7b2c\u4e00\u7bc7\u535a\u6587>", "action_flag": 3, "change_message": ""}}, {"model": "admin.logentry", "pk": 10, "fields": {"action_time": "2020-03-09T13:31:10.981Z", "user": 1, "content_type": 7, "object_id": "3", "object_repr": "<Blog:\u957f\u5185\u5bb9\u7684\u535a\u5ba2>", "action_flag": 1, "change_message": "[{\"added\": {}}]"}}, {"model": "admin.logentry", "pk": 11, "fields": {"action_time": "2020-03-09T14:21:41.902Z", "user": 1, "content_type": 7, "object_id": "4", "object_repr": "<Blog:\u65e0\u804a2>", "action_flag": 1, "change_message": "[{\"added\": {}}]"}}, {"model": "admin.logentry", "pk": 12, "fields": {"action_time": "2020-03-10T04:00:11.284Z", "user": 1, "content_type": 7, "object_id": "5", "object_repr": "<Blog:Django>", "action_flag": 1, "change_message": "[{\"added\": {}}]"}}, {"model": "admin.logentry", "pk": 13, "fields": {"action_time": "2020-04-02T07:33:46.557Z", "user": 1, "content_type": 7, "object_id": "37", "object_repr": "<Blog:\u611f\u609f>", "action_flag": 1, "change_message": "[{\"added\": {}}]"}}, {"model": "admin.logentry", "pk": 14, "fields": {"action_time": "2020-04-02T13:42:32.332Z", "user": 1, "content_type": 7, "object_id": "37", "object_repr": "<Blog:\u611f\u609f>", "action_flag": 2, "change_message": "[{\"changed\": {\"fields\": [\"content\"]}}]"}}, {"model": "admin.logentry", "pk": 15, "fields": {"action_time": "2020-04-02T13:44:42.675Z", "user": 1, "content_type": 7, "object_id": "37", "object_repr": "<Blog:\u611f\u609f>", "action_flag": 2, "change_message": "[{\"changed\": {\"fields\": [\"content\"]}}]"}}, {"model": "admin.logentry", "pk": 16, "fields": {"action_time": "2020-04-02T13:46:24.087Z", "user": 1, "content_type": 7, "object_id": "37", "object_repr": "<Blog:\u611f\u609f>", "action_flag": 2, "change_message": "[{\"changed\": {\"fields\": [\"content\"]}}]"}}, {"model": "admin.logentry", "pk": 17, "fields": {"action_time": "2020-04-02T14:47:05.492Z", "user": 1, "content_type": 7, "object_id": "37", "object_repr": "<Blog:\u611f\u609f>", "action_flag": 2, "change_message": "[{\"changed\": {\"fields\": [\"content\"]}}]"}}, {"model": "admin.logentry", "pk": 18, "fields": {"action_time": "2020-04-02T15:08:48.818Z", "user": 1, "content_type": 7, "object_id": "37", "object_repr": "<Blog:\u611f\u609f>", "action_flag": 2, "change_message": "[{\"changed\": {\"fields\": [\"content\"]}}]"}}, {"model": "admin.logentry", "pk": 19, "fields": {"action_time": "2020-04-02T15:11:41.783Z", "user": 1, "content_type": 7, "object_id": "37", "object_repr": "<Blog:\u611f\u609f>", "action_flag": 2, "change_message": "[{\"changed\": {\"fields\": [\"content\"]}}]"}}, {"model": "admin.logentry", "pk": 20, "fields": {"action_time": "2020-04-02T15:12:17.173Z", "user": 1, "content_type": 7, "object_id": "37", "object_repr": "<Blog:\u611f\u609f>", "action_flag": 2, "change_message": "[{\"changed\": {\"fields\": [\"content\"]}}]"}}, {"model": "admin.logentry", "pk": 21, "fields": {"action_time": "2020-04-04T07:39:14.181Z", "user": 1, "content_type": 10, "object_id": "1", "object_repr": "ReadNum object (1)", "action_flag": 1, "change_message": "[{\"added\": {}}]"}}, {"model": "admin.logentry", "pk": 22, "fields": {"action_time": "2020-04-05T14:04:53.871Z", "user": 1, "content_type": 11, "object_id": "3", "object_repr": "ReadDetail object (3)", "action_flag": 1, "change_message": "[{\"added\": {}}]"}}, {"model": "admin.logentry", "pk": 23, "fields": {"action_time": "2020-04-05T14:05:14.783Z", "user": 1, "content_type": 11, "object_id": "3", "object_repr": "ReadDetail object (3)", "action_flag": 2, "change_message": "[{\"changed\": {\"fields\": [\"read_num\"]}}]"}}, {"model": "admin.logentry", "pk": 24, "fields": {"action_time": "2020-04-06T06:54:59.998Z", "user": 1, "content_type": 11, "object_id": "6", "object_repr": "ReadDetail object (6)", "action_flag": 2, "change_message": "[{\"changed\": {\"fields\": [\"read_num\"]}}]"}}, {"model": "admin.logentry", "pk": 25, "fields": {"action_time": "2020-04-06T06:55:07.050Z", "user": 1, "content_type": 11, "object_id": "5", "object_repr": "ReadDetail object (5)", "action_flag": 2, "change_message": "[{\"changed\": {\"fields\": [\"read_num\"]}}]"}}, {"model": "admin.logentry", "pk": 26, "fields": {"action_time": "2020-04-06T06:55:22.715Z", "user": 1, "content_type": 11, "object_id": "4", "object_repr": "ReadDetail object (4)", "action_flag": 2, "change_message": "[{\"changed\": {\"fields\": [\"read_num\"]}}]"}}, {"model": "admin.logentry", "pk": 27, "fields": {"action_time": "2020-04-06T06:55:29.261Z", "user": 1, "content_type": 11, "object_id": "3", "object_repr": "ReadDetail object (3)", "action_flag": 2, "change_message": "[{\"changed\": {\"fields\": [\"read_num\"]}}]"}}, {"model": "admin.logentry", "pk": 28, "fields": {"action_time": "2020-04-06T06:55:45.479Z", "user": 1, "content_type": 11, "object_id": "6", "object_repr": "ReadDetail object (6)", "action_flag": 2, "change_message": "[{\"changed\": {\"fields\": [\"read_num\"]}}]"}}, {"model": "admin.logentry", "pk": 29, "fields": {"action_time": "2020-04-06T06:55:48.450Z", "user": 1, "content_type": 11, "object_id": "5", "object_repr": "ReadDetail object (5)", "action_flag": 2, "change_message": "[{\"changed\": {\"fields\": [\"read_num\"]}}]"}}, {"model": "admin.logentry", "pk": 30, "fields": {"action_time": "2020-04-06T06:55:54.133Z", "user": 1, "content_type": 11, "object_id": "4", "object_repr": "ReadDetail object (4)", "action_flag": 2, "change_message": "[{\"changed\": {\"fields\": [\"read_num\"]}}]"}}, {"model": "admin.logentry", "pk": 31, "fields": {"action_time": "2020-04-06T06:55:58.102Z", "user": 1, "content_type": 11, "object_id": "3", "object_repr": "ReadDetail object (3)", "action_flag": 2, "change_message": "[{\"changed\": {\"fields\": [\"read_num\"]}}]"}}, {"model": "admin.logentry", "pk": 32, "fields": {"action_time": "2020-04-07T09:29:02.693Z", "user": 1, "content_type": 10, "object_id": "1", "object_repr": "ReadNum object (1)", "action_flag": 2, "change_message": "[{\"changed\": {\"fields\": [\"read_num\"]}}]"}}, {"model": "admin.logentry", "pk": 33, "fields": {"action_time": "2020-04-07T09:29:29.263Z", "user": 1, "content_type": 11, "object_id": "8", "object_repr": "ReadDetail object (8)", "action_flag": 1, "change_message": "[{\"added\": {}}]"}}, {"model": "admin.logentry", "pk": 34, "fields": {"action_time": "2020-04-07T09:30:22.131Z", "user": 1, "content_type": 11, "object_id": "10", "object_repr": "ReadDetail object (10)", "action_flag": 1, "change_message": "[{\"added\": {}}]"}}, {"model": "admin.logentry", "pk": 35, "fields": {"action_time": "2020-04-16T06:08:12.984Z", "user": 1, "content_type": 12, "object_id": "16", "object_repr": "Comment object (16)", "action_flag": 1, "change_message": "[{\"added\": {}}]"}}, {"model": "admin.logentry", "pk": 36, "fields": {"action_time": "2020-04-16T06:13:47.689Z", "user": 1, "content_type": 12, "object_id": "16", "object_repr": "\u56de\u590d\u529f\u80fd1", "action_flag": 2, "change_message": "[{\"changed\": {\"fields\": [\"root\"]}}]"}}, {"model": "admin.logentry", "pk": 37, "fields": {"action_time": "2020-04-21T02:29:12.680Z", "user": 1, "content_type": 13, "object_id": "1", "object_repr": "LikeRecord object (1)", "action_flag": 3, "change_message": ""}}, {"model": "admin.logentry", "pk": 38, "fields": {"action_time": "2020-04-21T02:29:36.335Z", "user": 1, "content_type": 14, "object_id": "1", "object_repr": "LikeCount object (1)", "action_flag": 3, "change_message": ""}}, {"model": "admin.logentry", "pk": 39, "fields": {"action_time": "2020-04-22T09:06:36.463Z", "user": 1, "content_type": 15, "object_id": "1", "object_repr": "<Profile:\u5c0f\u80d6\u9c7c for admin>", "action_flag": 1, "change_message": "[{\"added\": {}}]"}}, {"model": "admin.logentry", "pk": 40, "fields": {"action_time": "2020-04-23T09:34:36.900Z", "user": 1, "content_type": 4, "object_id": "3", "object_repr": "css1", "action_flag": 3, "change_message": ""}}]  